Latitude,51.826146
Longitude,-3.6833826
Location,4091
NameEN,Craig y Nos
NameCY,Craig y Nos
StatusEN,Online
StatusCY,Ar-lein
url,rivers-and-seas.naturalresources.wales/station/4091
NGR,SN8408515510
Parameter,152
ParamNameEN,River Level
ParamNameCY,Lefel yr afon
TitleEN,Tawe at Craig y Nos
TitleCY,Afon Tawe yn Nghraig y Nos
ParameterStatusEN,Level Rising
ParameterStatusCY,Lefel codi
Units,m

Date (UTC),Value
2022-10-31 00:00:00,0.616
2022-10-31 00:15:00,0.616
2022-10-31 00:30:00,0.609
2022-10-31 00:45:00,0.609
2022-10-31 01:00:00,0.606
2022-10-31 01:15:00,0.603
2022-10-31 01:30:00,0.605
2022-10-31 01:45:00,0.602
2022-10-31 02:00:00,0.601
2022-10-31 02:15:00,0.597
2022-10-31 02:30:00,0.596
2022-10-31 02:45:00,0.595
2022-10-31 03:00:00,0.595
2022-10-31 03:15:00,0.589
2022-10-31 03:30:00,0.591
2022-10-31 03:45:00,0.591
2022-10-31 04:00:00,0.589
2022-10-31 04:15:00,0.589
2022-10-31 04:30:00,0.585
2022-10-31 04:45:00,0.584
2022-10-31 05:00:00,0.581
2022-10-31 05:15:00,0.581
2022-10-31 05:30:00,0.579
2022-10-31 05:45:00,0.584
2022-10-31 06:00:00,0.577
2022-10-31 06:15:00,0.574
2022-10-31 06:30:00,0.579
2022-10-31 06:45:00,0.58
2022-10-31 07:00:00,0.578
2022-10-31 07:15:00,0.581
2022-10-31 07:30:00,0.583
2022-10-31 07:45:00,0.585
2022-10-31 08:00:00,0.586
2022-10-31 08:15:00,0.588
2022-10-31 08:30:00,0.585
2022-10-31 08:45:00,0.578
2022-10-31 09:00:00,0.58
2022-10-31 09:15:00,0.581
2022-10-31 09:30:00,0.578
2022-10-31 09:45:00,0.577
2022-10-31 10:00:00,0.582
2022-10-31 10:15:00,0.58
2022-10-31 10:30:00,0.581
2022-10-31 10:45:00,0.582
2022-10-31 11:00:00,0.578
2022-10-31 11:15:00,0.577
2022-10-31 11:30:00,0.579
2022-10-31 11:45:00,0.578
2022-10-31 12:00:00,0.578
2022-10-31 12:15:00,0.575
2022-10-31 12:30:00,0.566
2022-10-31 12:45:00,0.566
2022-10-31 13:00:00,0.568
2022-10-31 13:15:00,0.566
2022-10-31 13:30:00,0.565
2022-10-31 13:45:00,0.563
2022-10-31 14:00:00,0.562
2022-10-31 14:15:00,0.562
2022-10-31 14:30:00,0.563
2022-10-31 14:45:00,0.557
2022-10-31 15:00:00,0.556
2022-10-31 15:15:00,0.557
2022-10-31 15:30:00,0.555
2022-10-31 15:45:00,0.557
2022-10-31 16:00:00,0.557
2022-10-31 16:15:00,0.556
2022-10-31 16:30:00,0.553
2022-10-31 16:45:00,0.552
2022-10-31 17:00:00,0.556
2022-10-31 17:15:00,0.552
2022-10-31 17:30:00,0.551
2022-10-31 17:45:00,0.552
2022-10-31 18:00:00,0.557
2022-10-31 18:15:00,0.553
2022-10-31 18:30:00,0.548
2022-10-31 18:45:00,0.552
2022-10-31 19:00:00,0.552
2022-10-31 19:15:00,0.556
2022-10-31 19:30:00,0.556
2022-10-31 19:45:00,0.559
2022-10-31 20:00:00,0.563
2022-10-31 20:15:00,0.569
2022-10-31 20:30:00,0.585
2022-10-31 20:45:00,0.611
2022-10-31 21:00:00,0.625
2022-10-31 21:15:00,0.645
2022-10-31 21:30:00,0.657
2022-10-31 21:45:00,0.665
2022-10-31 22:00:00,0.682
2022-10-31 22:15:00,0.682
2022-10-31 22:30:00,0.709
2022-10-31 22:45:00,0.726
2022-10-31 23:00:00,0.735
2022-10-31 23:15:00,0.76
2022-10-31 23:30:00,0.773
2022-10-31 23:45:00,0.789
2022-11-01 00:00:00,0.823
2022-11-01 00:15:00,0.838
2022-11-01 00:30:00,0.858
2022-11-01 00:45:00,0.874
2022-11-01 01:00:00,0.921
2022-11-01 01:15:00,0.961
2022-11-01 01:30:00,1
2022-11-01 01:45:00,1.023
2022-11-01 02:00:00,1.084
2022-11-01 02:15:00,1.091
2022-11-01 02:30:00,1.099
2022-11-01 02:45:00,1.092
2022-11-01 03:00:00,1.056
2022-11-01 03:15:00,1.036
2022-11-01 03:30:00,0.999
2022-11-01 03:45:00,0.978
2022-11-01 04:00:00,0.947
2022-11-01 04:15:00,0.931
2022-11-01 04:30:00,0.905
2022-11-01 04:45:00,0.911
2022-11-01 05:00:00,0.91
2022-11-01 05:15:00,0.908
2022-11-01 05:30:00,0.906
2022-11-01 05:45:00,0.921
2022-11-01 06:00:00,0.935
2022-11-01 06:15:00,0.968
2022-11-01 06:30:00,0.985
2022-11-01 06:45:00,0.978
2022-11-01 07:00:00,0.988
2022-11-01 07:15:00,0.977
2022-11-01 07:30:00,0.973
2022-11-01 07:45:00,0.977
2022-11-01 08:00:00,1
2022-11-01 08:15:00,1.026
2022-11-01 08:30:00,1.052
2022-11-01 08:45:00,1.065
2022-11-01 09:00:00,1.052
2022-11-01 09:15:00,1.051
2022-11-01 09:30:00,1.043
2022-11-01 09:45:00,1.023
2022-11-01 10:00:00,1.013
2022-11-01 10:15:00,0.985
2022-11-01 10:30:00,0.968
2022-11-01 10:45:00,0.959
2022-11-01 11:00:00,0.948
2022-11-01 11:15:00,0.925
2022-11-01 11:30:00,0.91
2022-11-01 11:45:00,0.911
2022-11-01 12:00:00,0.889
2022-11-01 12:15:00,0.872
2022-11-01 12:30:00,0.874
2022-11-01 12:45:00,0.864
2022-11-01 13:00:00,0.869
2022-11-01 13:15:00,0.855
2022-11-01 13:30:00,0.861
2022-11-01 13:45:00,0.877
2022-11-01 14:00:00,0.874
2022-11-01 14:15:00,0.888
2022-11-01 14:30:00,0.904
2022-11-01 14:45:00,0.926
2022-11-01 15:00:00,0.935
2022-11-01 15:15:00,0.92
2022-11-01 15:30:00,0.918
2022-11-01 15:45:00,0.905
2022-11-01 16:00:00,0.903
2022-11-01 16:15:00,0.887
2022-11-01 16:30:00,0.894
2022-11-01 16:45:00,0.891
2022-11-01 17:00:00,0.877
2022-11-01 17:15:00,0.875
2022-11-01 17:30:00,0.883
2022-11-01 17:45:00,0.9
2022-11-01 18:00:00,0.914
2022-11-01 18:15:00,0.923
2022-11-01 18:30:00,0.931
2022-11-01 18:45:00,0.937
2022-11-01 19:00:00,0.988
2022-11-01 19:15:00,1.034
2022-11-01 19:30:00,1.055
2022-11-01 19:45:00,1.056
2022-11-01 20:00:00,1.027
2022-11-01 20:15:00,1.04
2022-11-01 20:30:00,1.042
2022-11-01 20:45:00,1.022
2022-11-01 21:00:00,1.008
2022-11-01 21:15:00,1
2022-11-01 21:30:00,0.999
2022-11-01 21:45:00,0.986
2022-11-01 22:00:00,0.97
2022-11-01 22:15:00,0.959
2022-11-01 22:30:00,0.953
2022-11-01 22:45:00,0.952
2022-11-01 23:00:00,0.935
2022-11-01 23:15:00,0.923
2022-11-01 23:30:00,0.911
2022-11-01 23:45:00,0.906
2022-11-02 00:00:00,0.9
2022-11-02 00:15:00,0.891
2022-11-02 00:30:00,0.88
2022-11-02 00:45:00,0.869
2022-11-02 01:00:00,0.862
2022-11-02 01:15:00,0.852
2022-11-02 01:30:00,0.85
2022-11-02 01:45:00,0.845
2022-11-02 02:00:00,0.831
2022-11-02 02:15:00,0.824
2022-11-02 02:30:00,0.818
2022-11-02 02:45:00,0.808
2022-11-02 03:00:00,0.804
2022-11-02 03:15:00,0.795
2022-11-02 03:30:00,0.793
2022-11-02 03:45:00,0.786
2022-11-02 04:00:00,0.779
2022-11-02 04:15:00,0.775
2022-11-02 04:30:00,0.767
2022-11-02 04:45:00,0.766
2022-11-02 05:00:00,0.758
2022-11-02 05:15:00,0.76
2022-11-02 05:30:00,0.751
2022-11-02 05:45:00,0.752
2022-11-02 06:00:00,0.744
2022-11-02 06:15:00,0.749
2022-11-02 06:30:00,0.742
2022-11-02 06:45:00,0.735
2022-11-02 07:00:00,0.728
2022-11-02 07:15:00,0.726
2022-11-02 07:30:00,0.723
2022-11-02 07:45:00,0.717
2022-11-02 08:00:00,0.714
2022-11-02 08:15:00,0.709
2022-11-02 08:30:00,0.707
2022-11-02 08:45:00,0.706
2022-11-02 09:00:00,0.705
2022-11-02 09:15:00,0.702
2022-11-02 09:30:00,0.696
2022-11-02 09:45:00,0.692
2022-11-02 10:00:00,0.692
2022-11-02 10:15:00,0.685
2022-11-02 10:30:00,0.684
2022-11-02 10:45:00,0.683
2022-11-02 11:00:00,0.679
2022-11-02 11:15:00,0.676
2022-11-02 11:30:00,0.67
2022-11-02 11:45:00,0.671
2022-11-02 12:00:00,0.666
2022-11-02 12:15:00,0.665
2022-11-02 12:30:00,0.659
2022-11-02 12:45:00,0.663
2022-11-02 13:00:00,0.656
2022-11-02 13:15:00,0.657
2022-11-02 13:30:00,0.676
2022-11-02 13:45:00,0.655
2022-11-02 14:00:00,0.656
2022-11-02 14:15:00,0.655
2022-11-02 14:30:00,0.655
2022-11-02 14:45:00,0.661
2022-11-02 15:00:00,0.675
2022-11-02 15:15:00,0.684
2022-11-02 15:30:00,0.732
2022-11-02 15:45:00,0.934
2022-11-02 16:00:00,1.211
2022-11-02 16:15:00,1.447
2022-11-02 16:30:00,1.54
2022-11-02 16:45:00,1.616
2022-11-02 17:00:00,1.718
2022-11-02 17:15:00,1.814
2022-11-02 17:30:00,2.127
2022-11-02 17:45:00,2.314
2022-11-02 18:00:00,2.335
2022-11-02 18:15:00,2.297
2022-11-02 18:30:00,2.138
2022-11-02 18:45:00,1.894
2022-11-02 19:00:00,1.793
2022-11-02 19:15:00,1.685
2022-11-02 19:30:00,1.629
2022-11-02 19:45:00,1.589
2022-11-02 20:00:00,1.541
2022-11-02 20:15:00,1.516
2022-11-02 20:30:00,1.436
2022-11-02 20:45:00,1.381
2022-11-02 21:00:00,1.389
2022-11-02 21:15:00,1.395
2022-11-02 21:30:00,1.336
2022-11-02 21:45:00,1.324
2022-11-02 22:00:00,1.306
2022-11-02 22:15:00,1.296
2022-11-02 22:30:00,1.249
2022-11-02 22:45:00,1.221
2022-11-02 23:00:00,1.194
2022-11-02 23:15:00,1.166
2022-11-02 23:30:00,1.136
2022-11-02 23:45:00,1.129
2022-11-03 00:00:00,1.102
2022-11-03 00:15:00,1.079
2022-11-03 00:30:00,1.058
2022-11-03 00:45:00,1.03
2022-11-03 01:00:00,1.013
2022-11-03 01:15:00,1.007
2022-11-03 01:30:00,0.987
2022-11-03 01:45:00,0.968
2022-11-03 02:00:00,0.967
2022-11-03 02:15:00,0.951
2022-11-03 02:30:00,0.934
2022-11-03 02:45:00,0.919
2022-11-03 03:00:00,0.939
2022-11-03 03:15:00,0.909
2022-11-03 03:30:00,0.891
2022-11-03 03:45:00,0.885
2022-11-03 04:00:00,0.89
2022-11-03 04:15:00,0.883
2022-11-03 04:30:00,0.873
2022-11-03 04:45:00,0.868
2022-11-03 05:00:00,0.861
2022-11-03 05:15:00,0.851
2022-11-03 05:30:00,0.847
2022-11-03 05:45:00,0.839
2022-11-03 06:00:00,0.829
2022-11-03 06:15:00,0.829
2022-11-03 06:30:00,0.826
2022-11-03 06:45:00,0.824
2022-11-03 07:00:00,0.818
2022-11-03 07:15:00,0.828
2022-11-03 07:30:00,0.836
2022-11-03 07:45:00,0.836
2022-11-03 08:00:00,0.828
2022-11-03 08:15:00,0.828
2022-11-03 08:30:00,0.838
2022-11-03 08:45:00,0.805
2022-11-03 09:00:00,0.819
2022-11-03 09:15:00,0.805
2022-11-03 09:30:00,0.806
2022-11-03 09:45:00,0.798
2022-11-03 10:00:00,0.795
2022-11-03 10:15:00,0.793
2022-11-03 10:30:00,0.771
2022-11-03 10:45:00,0.771
2022-11-03 11:00:00,0.763
2022-11-03 11:15:00,0.765
2022-11-03 11:30:00,0.756
2022-11-03 11:45:00,0.742
2022-11-03 12:00:00,0.749
2022-11-03 12:15:00,0.754
2022-11-03 12:30:00,0.756
2022-11-03 12:45:00,0.741
2022-11-03 13:00:00,0.735
2022-11-03 13:15:00,0.731
2022-11-03 13:30:00,0.736
2022-11-03 13:45:00,0.731
2022-11-03 14:00:00,0.736
2022-11-03 14:15:00,0.735
2022-11-03 14:30:00,0.74
2022-11-03 14:45:00,0.762
2022-11-03 15:00:00,0.791
2022-11-03 15:15:00,0.811
2022-11-03 15:30:00,0.853
2022-11-03 15:45:00,0.862
2022-11-03 16:00:00,0.868
2022-11-03 16:15:00,0.862
2022-11-03 16:30:00,0.86
2022-11-03 16:45:00,0.845
2022-11-03 17:00:00,0.844
2022-11-03 17:15:00,0.856
2022-11-03 17:30:00,0.838
2022-11-03 17:45:00,0.853
2022-11-03 18:00:00,0.856
2022-11-03 18:15:00,0.855
2022-11-03 18:30:00,0.868
2022-11-03 18:45:00,0.902
2022-11-03 19:00:00,0.907
2022-11-03 19:15:00,0.926
2022-11-03 19:30:00,0.947
2022-11-03 19:45:00,0.974
2022-11-03 20:00:00,1.028
2022-11-03 20:15:00,1.069
2022-11-03 20:30:00,1.138
2022-11-03 20:45:00,1.179
2022-11-03 21:00:00,1.194
2022-11-03 21:15:00,1.188
2022-11-03 21:30:00,1.186
2022-11-03 21:45:00,1.173
2022-11-03 22:00:00,1.134
2022-11-03 22:15:00,1.136
2022-11-03 22:30:00,1.126
2022-11-03 22:45:00,1.107
2022-11-03 23:00:00,1.081
2022-11-03 23:15:00,1.074
2022-11-03 23:30:00,1.063
2022-11-03 23:45:00,1.041
2022-11-04 00:00:00,1.012
2022-11-04 00:15:00,1.007
2022-11-04 00:30:00,0.977
2022-11-04 00:45:00,0.979
2022-11-04 01:00:00,0.971
2022-11-04 01:15:00,0.948
2022-11-04 01:30:00,0.934
2022-11-04 01:45:00,0.934
2022-11-04 02:00:00,0.932
2022-11-04 02:15:00,0.93
2022-11-04 02:30:00,0.891
2022-11-04 02:45:00,0.902
2022-11-04 03:00:00,0.902
2022-11-04 03:15:00,0.891
2022-11-04 03:30:00,0.87
2022-11-04 03:45:00,0.853
2022-11-04 04:00:00,0.854
2022-11-04 04:15:00,0.85
2022-11-04 04:30:00,0.842
2022-11-04 04:45:00,0.829
2022-11-04 05:00:00,0.819
2022-11-04 05:15:00,0.824
2022-11-04 05:30:00,0.823
2022-11-04 05:45:00,0.816
2022-11-04 06:00:00,0.791
2022-11-04 06:15:00,0.783
2022-11-04 06:30:00,0.786
2022-11-04 06:45:00,0.779
2022-11-04 07:00:00,0.771
2022-11-04 07:15:00,0.775
2022-11-04 07:30:00,0.758
2022-11-04 07:45:00,0.754
2022-11-04 08:00:00,0.751
2022-11-04 08:15:00,0.737
2022-11-04 08:30:00,0.73
2022-11-04 08:45:00,0.73
2022-11-04 09:00:00,0.722
2022-11-04 09:15:00,0.724
2022-11-04 09:30:00,0.723
2022-11-04 09:45:00,0.697
2022-11-04 10:00:00,0.705
2022-11-04 10:15:00,0.7
2022-11-04 10:30:00,0.692
2022-11-04 10:45:00,0.696
2022-11-04 11:00:00,0.699
2022-11-04 11:15:00,0.684
2022-11-04 11:30:00,0.687
2022-11-04 11:45:00,0.691
2022-11-04 12:00:00,0.68
2022-11-04 12:15:00,0.671
2022-11-04 12:30:00,0.663
2022-11-04 12:45:00,0.671
2022-11-04 13:00:00,0.669
2022-11-04 13:15:00,0.659
2022-11-04 13:30:00,0.672
2022-11-04 13:45:00,0.657
2022-11-04 14:00:00,0.662
2022-11-04 14:15:00,0.658
2022-11-04 14:30:00,0.659
2022-11-04 14:45:00,0.658
2022-11-04 15:00:00,0.656
2022-11-04 15:15:00,0.653
2022-11-04 15:30:00,0.645
2022-11-04 15:45:00,0.642
2022-11-04 16:00:00,0.645
2022-11-04 16:15:00,0.639
2022-11-04 16:30:00,0.646
2022-11-04 16:45:00,0.645
2022-11-04 17:00:00,0.631
2022-11-04 17:15:00,0.635
2022-11-04 17:30:00,0.631
2022-11-04 17:45:00,0.631
2022-11-04 18:00:00,0.624
2022-11-04 18:15:00,0.625
2022-11-04 18:30:00,0.631
2022-11-04 18:45:00,0.623
2022-11-04 19:00:00,0.626
2022-11-04 19:15:00,0.625
2022-11-04 19:30:00,0.621
2022-11-04 19:45:00,0.617
2022-11-04 20:00:00,0.619
2022-11-04 20:15:00,0.619
2022-11-04 20:30:00,0.618
2022-11-04 20:45:00,0.614
2022-11-04 21:00:00,0.611
2022-11-04 21:15:00,0.617
2022-11-04 21:30:00,0.613
2022-11-04 21:45:00,0.607
2022-11-04 22:00:00,0.612
2022-11-04 22:15:00,0.61
2022-11-04 22:30:00,0.607
2022-11-04 22:45:00,0.6
2022-11-04 23:00:00,0.603
2022-11-04 23:15:00,0.602
2022-11-04 23:30:00,0.595
2022-11-04 23:45:00,0.603
2022-11-05 00:00:00,0.602
2022-11-05 00:15:00,0.594
2022-11-05 00:30:00,0.592
2022-11-05 00:45:00,0.601
2022-11-05 01:00:00,0.594
2022-11-05 01:15:00,0.589
2022-11-05 01:30:00,0.599
2022-11-05 01:45:00,0.597
2022-11-05 02:00:00,0.589
2022-11-05 02:15:00,0.589
2022-11-05 02:30:00,0.596
2022-11-05 02:45:00,0.592
2022-11-05 03:00:00,0.588
2022-11-05 03:15:00,0.587
2022-11-05 03:30:00,0.588
2022-11-05 03:45:00,0.588
2022-11-05 04:00:00,0.589
2022-11-05 04:15:00,0.595
2022-11-05 04:30:00,0.591
2022-11-05 04:45:00,0.585
2022-11-05 05:00:00,0.591
2022-11-05 05:15:00,0.589
2022-11-05 05:30:00,0.595
2022-11-05 05:45:00,0.6
2022-11-05 06:00:00,0.606
2022-11-05 06:15:00,0.614
2022-11-05 06:30:00,0.622
2022-11-05 06:45:00,0.62
2022-11-05 07:00:00,0.623
2022-11-05 07:15:00,0.622
2022-11-05 07:30:00,0.649
2022-11-05 07:45:00,0.632
2022-11-05 08:00:00,0.646
2022-11-05 08:15:00,0.658
2022-11-05 08:30:00,0.667
2022-11-05 08:45:00,0.685
2022-11-05 09:00:00,0.689
2022-11-05 09:15:00,0.713
2022-11-05 09:30:00,0.726
2022-11-05 09:45:00,0.746
2022-11-05 10:00:00,0.762
2022-11-05 10:15:00,0.771
2022-11-05 10:30:00,0.779
2022-11-05 10:45:00,0.779
2022-11-05 11:00:00,0.794
2022-11-05 11:15:00,0.796
2022-11-05 11:30:00,0.786
2022-11-05 11:45:00,0.779
2022-11-05 12:00:00,0.796
2022-11-05 12:15:00,0.805
2022-11-05 12:30:00,0.816
2022-11-05 12:45:00,0.84
2022-11-05 13:00:00,0.855
2022-11-05 13:15:00,0.907
2022-11-05 13:30:00,0.937
2022-11-05 13:45:00,0.955
2022-11-05 14:00:00,0.96
2022-11-05 14:15:00,0.985
2022-11-05 14:30:00,0.99
2022-11-05 14:45:00,0.999
2022-11-05 15:00:00,1.012
2022-11-05 15:15:00,1.008
2022-11-05 15:30:00,1.016
2022-11-05 15:45:00,1.002
2022-11-05 16:00:00,0.983
2022-11-05 16:15:00,0.966
2022-11-05 16:30:00,0.959
2022-11-05 16:45:00,0.948
2022-11-05 17:00:00,0.936
2022-11-05 17:15:00,0.942
2022-11-05 17:30:00,0.913
2022-11-05 17:45:00,0.909
2022-11-05 18:00:00,0.9
2022-11-05 18:15:00,0.894
2022-11-05 18:30:00,0.892
2022-11-05 18:45:00,0.872
2022-11-05 19:00:00,0.87
2022-11-05 19:15:00,0.852
2022-11-05 19:30:00,0.848
2022-11-05 19:45:00,0.852
2022-11-05 20:00:00,0.834
2022-11-05 20:15:00,0.823
2022-11-05 20:30:00,0.813
2022-11-05 20:45:00,0.806
2022-11-05 21:00:00,0.809
2022-11-05 21:15:00,0.794
2022-11-05 21:30:00,0.786
2022-11-05 21:45:00,0.781
2022-11-05 22:00:00,0.779
2022-11-05 22:15:00,0.767
2022-11-05 22:30:00,0.761
2022-11-05 22:45:00,0.756
2022-11-05 23:00:00,0.748
2022-11-05 23:15:00,0.738
2022-11-05 23:30:00,0.732
2022-11-05 23:45:00,0.721
2022-11-06 00:00:00,0.723
2022-11-06 00:15:00,0.713
2022-11-06 00:30:00,0.706
2022-11-06 00:45:00,0.695
2022-11-06 01:00:00,0.691
2022-11-06 01:15:00,0.688
2022-11-06 01:30:00,0.689
2022-11-06 01:45:00,0.675
2022-11-06 02:00:00,0.674
2022-11-06 02:15:00,0.672
2022-11-06 02:30:00,0.667
2022-11-06 02:45:00,0.672
2022-11-06 03:00:00,0.659
2022-11-06 03:15:00,0.658
2022-11-06 03:30:00,0.659
2022-11-06 03:45:00,0.658
2022-11-06 04:00:00,0.647
2022-11-06 04:15:00,0.644
2022-11-06 04:30:00,0.646
2022-11-06 04:45:00,0.642
2022-11-06 05:00:00,0.646
2022-11-06 05:15:00,0.635
2022-11-06 05:30:00,0.623
2022-11-06 05:45:00,0.631
2022-11-06 06:00:00,0.632
2022-11-06 06:15:00,0.626
2022-11-06 06:30:00,0.631
2022-11-06 06:45:00,0.622
2022-11-06 07:00:00,0.622
2022-11-06 07:15:00,0.622
2022-11-06 07:30:00,0.621
2022-11-06 07:45:00,0.626
2022-11-06 08:00:00,0.625
2022-11-06 08:15:00,0.614
2022-11-06 08:30:00,0.616
2022-11-06 08:45:00,0.62
2022-11-06 09:00:00,0.622
2022-11-06 09:15:00,0.611
2022-11-06 09:30:00,0.622
2022-11-06 09:45:00,0.626
2022-11-06 10:00:00,0.623
2022-11-06 10:15:00,0.64
2022-11-06 10:30:00,0.648
2022-11-06 10:45:00,0.677
2022-11-06 11:00:00,0.698
2022-11-06 11:15:00,0.759
2022-11-06 11:30:00,0.918
2022-11-06 11:45:00,1.051
2022-11-06 12:00:00,1.044
2022-11-06 12:15:00,1.04
2022-11-06 12:30:00,1.026
2022-11-06 12:45:00,0.985
2022-11-06 13:00:00,0.972
2022-11-06 13:15:00,0.948
2022-11-06 13:30:00,0.933
2022-11-06 13:45:00,0.916
2022-11-06 14:00:00,0.908
2022-11-06 14:15:00,0.882
2022-11-06 14:30:00,0.879
2022-11-06 14:45:00,0.862
2022-11-06 15:00:00,0.847
2022-11-06 15:15:00,0.84
2022-11-06 15:30:00,0.831
2022-11-06 15:45:00,0.824
2022-11-06 16:00:00,0.819
2022-11-06 16:15:00,0.823
2022-11-06 16:30:00,0.831
2022-11-06 16:45:00,0.826
2022-11-06 17:00:00,0.868
2022-11-06 17:15:00,0.913
2022-11-06 17:30:00,0.95
2022-11-06 17:45:00,0.981
2022-11-06 18:00:00,1.006
2022-11-06 18:15:00,1.019
2022-11-06 18:30:00,1.007
2022-11-06 18:45:00,0.991
2022-11-06 19:00:00,0.981
2022-11-06 19:15:00,0.972
2022-11-06 19:30:00,0.964
2022-11-06 19:45:00,0.966
2022-11-06 20:00:00,0.992
2022-11-06 20:15:00,1.018
2022-11-06 20:30:00,1.069
2022-11-06 20:45:00,1.056
2022-11-06 21:00:00,1.057
2022-11-06 21:15:00,1.026
2022-11-06 21:30:00,1.041
2022-11-06 21:45:00,1.046
2022-11-06 22:00:00,1.073
2022-11-06 22:15:00,1.081
2022-11-06 22:30:00,1.189
2022-11-06 22:45:00,1.309
2022-11-06 23:00:00,1.323
2022-11-06 23:15:00,1.29
2022-11-06 23:30:00,1.296
2022-11-06 23:45:00,1.264
2022-11-07 00:00:00,1.214
2022-11-07 00:15:00,1.201
2022-11-07 00:30:00,1.158
2022-11-07 00:45:00,1.153
2022-11-07 01:00:00,1.139
2022-11-07 01:15:00,1.14
2022-11-07 01:30:00,1.163
2022-11-07 01:45:00,1.191
2022-11-07 02:00:00,1.27
2022-11-07 02:15:00,1.3
2022-11-07 02:30:00,1.314
2022-11-07 02:45:00,1.373
2022-11-07 03:00:00,1.424
2022-11-07 03:15:00,1.45
2022-11-07 03:30:00,1.4
2022-11-07 03:45:00,1.336
2022-11-07 04:00:00,1.311
2022-11-07 04:15:00,1.272
2022-11-07 04:30:00,1.216
2022-11-07 04:45:00,1.203
2022-11-07 05:00:00,1.176
2022-11-07 05:15:00,1.178
2022-11-07 05:30:00,1.17
2022-11-07 05:45:00,1.139
2022-11-07 06:00:00,1.12
2022-11-07 06:15:00,1.111
2022-11-07 06:30:00,1.106
2022-11-07 06:45:00,1.076
2022-11-07 07:00:00,1.056
2022-11-07 07:15:00,1.048
2022-11-07 07:30:00,1.046
2022-11-07 07:45:00,1.034
2022-11-07 08:00:00,1.033
2022-11-07 08:15:00,1.048
2022-11-07 08:30:00,1.059
2022-11-07 08:45:00,1.069
2022-11-07 09:00:00,1.091
2022-11-07 09:15:00,1.071
2022-11-07 09:30:00,1.071
2022-11-07 09:45:00,1.076
2022-11-07 10:00:00,1.076
2022-11-07 10:15:00,1.079
2022-11-07 10:30:00,1.076
2022-11-07 10:45:00,1.091
2022-11-07 11:00:00,1.089
2022-11-07 11:15:00,1.084
2022-11-07 11:30:00,1.079
2022-11-07 11:45:00,1.055
2022-11-07 12:00:00,1.036
2022-11-07 12:15:00,1.025
2022-11-07 12:30:00,1.007
2022-11-07 12:45:00,1.012
2022-11-07 13:00:00,1.015
2022-11-07 13:15:00,1.023
2022-11-07 13:30:00,1.071
2022-11-07 13:45:00,1.117
2022-11-07 14:00:00,1.129
2022-11-07 14:15:00,1.157
2022-11-07 14:30:00,1.119
2022-11-07 14:45:00,1.106
2022-11-07 15:00:00,1.106
2022-11-07 15:15:00,1.081
2022-11-07 15:30:00,1.057
2022-11-07 15:45:00,1.04
2022-11-07 16:00:00,1.019
2022-11-07 16:15:00,1.017
2022-11-07 16:30:00,0.992
2022-11-07 16:45:00,0.984
2022-11-07 17:00:00,0.982
2022-11-07 17:15:00,0.965
2022-11-07 17:30:00,0.941
2022-11-07 17:45:00,0.929
2022-11-07 18:00:00,0.926
2022-11-07 18:15:00,0.92
2022-11-07 18:30:00,0.915
2022-11-07 18:45:00,0.898
2022-11-07 19:00:00,0.893
2022-11-07 19:15:00,0.898
2022-11-07 19:30:00,0.887
2022-11-07 19:45:00,0.869
2022-11-07 20:00:00,0.863
2022-11-07 20:15:00,0.853
2022-11-07 20:30:00,0.852
2022-11-07 20:45:00,0.849
2022-11-07 21:00:00,0.842
2022-11-07 21:15:00,0.841
2022-11-07 21:30:00,0.834
2022-11-07 21:45:00,0.84
2022-11-07 22:00:00,0.838
2022-11-07 22:15:00,0.838
2022-11-07 22:30:00,0.86
2022-11-07 22:45:00,0.915
2022-11-07 23:00:00,1.013
2022-11-07 23:15:00,1.079
2022-11-07 23:30:00,1.125
2022-11-07 23:45:00,1.183
2022-11-08 00:00:00,1.314
2022-11-08 00:15:00,1.316
2022-11-08 00:30:00,1.356
2022-11-08 00:45:00,1.308
2022-11-08 01:00:00,1.266
2022-11-08 01:15:00,1.261
2022-11-08 01:30:00,1.181
2022-11-08 01:45:00,1.146
2022-11-08 02:00:00,1.14
2022-11-08 02:15:00,1.116
2022-11-08 02:30:00,1.099
2022-11-08 02:45:00,1.071
2022-11-08 03:00:00,1.052
2022-11-08 03:15:00,1.03
2022-11-08 03:30:00,1.023
2022-11-08 03:45:00,1.004
2022-11-08 04:00:00,1.002
2022-11-08 04:15:00,0.987
2022-11-08 04:30:00,0.965
2022-11-08 04:45:00,0.957
2022-11-08 05:00:00,0.961
2022-11-08 05:15:00,0.931
2022-11-08 05:30:00,0.944
2022-11-08 05:45:00,0.924
2022-11-08 06:00:00,0.918
2022-11-08 06:15:00,0.891
2022-11-08 06:30:00,0.88
2022-11-08 06:45:00,0.888
2022-11-08 07:00:00,0.867
2022-11-08 07:15:00,0.867
2022-11-08 07:30:00,0.855
2022-11-08 07:45:00,0.853
2022-11-08 08:00:00,0.849
2022-11-08 08:15:00,0.84
2022-11-08 08:30:00,0.824
2022-11-08 08:45:00,0.828
2022-11-08 09:00:00,0.819
2022-11-08 09:15:00,0.816
2022-11-08 09:30:00,0.847
2022-11-08 09:45:00,0.916
2022-11-08 10:00:00,0.995
2022-11-08 10:15:00,1.056
2022-11-08 10:30:00,1.109
2022-11-08 10:45:00,1.173
2022-11-08 11:00:00,1.269
2022-11-08 11:15:00,1.296
2022-11-08 11:30:00,1.286
2022-11-08 11:45:00,1.267
2022-11-08 12:00:00,1.274
2022-11-08 12:15:00,1.295
2022-11-08 12:30:00,1.263
2022-11-08 12:45:00,1.27
2022-11-08 13:00:00,1.258
2022-11-08 13:15:00,1.313
2022-11-08 13:30:00,1.396
2022-11-08 13:45:00,1.426
2022-11-08 14:00:00,1.357
2022-11-08 14:15:00,1.352
2022-11-08 14:30:00,1.306
2022-11-08 14:45:00,1.254
2022-11-08 15:00:00,1.206
2022-11-08 15:15:00,1.206
2022-11-08 15:30:00,1.148
2022-11-08 15:45:00,1.166
2022-11-08 16:00:00,1.122
2022-11-08 16:15:00,1.111
2022-11-08 16:30:00,1.13
2022-11-08 16:45:00,1.119
2022-11-08 17:00:00,1.148
2022-11-08 17:15:00,1.189
2022-11-08 17:30:00,1.306
2022-11-08 17:45:00,1.321
2022-11-08 18:00:00,1.342
2022-11-08 18:15:00,1.329
2022-11-08 18:30:00,1.296
2022-11-08 18:45:00,1.256
2022-11-08 19:00:00,1.244
2022-11-08 19:15:00,1.221
2022-11-08 19:30:00,1.193
2022-11-08 19:45:00,1.178
2022-11-08 20:00:00,1.143
2022-11-08 20:15:00,1.116
2022-11-08 20:30:00,1.086
2022-11-08 20:45:00,1.073
2022-11-08 21:00:00,1.061
2022-11-08 21:15:00,1.041
2022-11-08 21:30:00,1.023
2022-11-08 21:45:00,1.016
2022-11-08 22:00:00,1.005
2022-11-08 22:15:00,0.994
2022-11-08 22:30:00,0.997
2022-11-08 22:45:00,0.98
2022-11-08 23:00:00,0.962
2022-11-08 23:15:00,0.953
2022-11-08 23:30:00,0.956
2022-11-08 23:45:00,0.958
2022-11-09 00:00:00,0.962
2022-11-09 00:15:00,0.979
2022-11-09 00:30:00,0.982
2022-11-09 00:45:00,0.98
2022-11-09 01:00:00,0.989
2022-11-09 01:15:00,1.011
2022-11-09 01:30:00,1.078
2022-11-09 01:45:00,1.148
2022-11-09 02:00:00,1.206
2022-11-09 02:15:00,1.224
2022-11-09 02:30:00,1.191
2022-11-09 02:45:00,1.164
2022-11-09 03:00:00,1.12
2022-11-09 03:15:00,1.129
2022-11-09 03:30:00,1.121
2022-11-09 03:45:00,1.109
2022-11-09 04:00:00,1.136
2022-11-09 04:15:00,1.188
2022-11-09 04:30:00,1.181
2022-11-09 04:45:00,1.176
2022-11-09 05:00:00,1.204
2022-11-09 05:15:00,1.188
2022-11-09 05:30:00,1.243
2022-11-09 05:45:00,1.156
2022-11-09 06:00:00,1.131
2022-11-09 06:15:00,1.143
2022-11-09 06:30:00,1.101
2022-11-09 06:45:00,1.074
2022-11-09 07:00:00,1.074
2022-11-09 07:15:00,1.049
2022-11-09 07:30:00,1.031
2022-11-09 07:45:00,1.027
2022-11-09 08:00:00,1.017
2022-11-09 08:15:00,0.998
2022-11-09 08:30:00,0.985
2022-11-09 08:45:00,0.974
2022-11-09 09:00:00,0.965
2022-11-09 09:15:00,0.968
2022-11-09 09:30:00,0.969
2022-11-09 09:45:00,0.946
2022-11-09 10:00:00,0.957
2022-11-09 10:15:00,0.931
2022-11-09 10:30:00,0.933
2022-11-09 10:45:00,0.92
2022-11-09 11:00:00,0.913
2022-11-09 11:15:00,0.905
2022-11-09 11:30:00,0.907
2022-11-09 11:45:00,0.906
2022-11-09 12:00:00,0.897
2022-11-09 12:15:00,0.882
2022-11-09 12:30:00,0.874
2022-11-09 12:45:00,0.87
2022-11-09 13:00:00,0.877
2022-11-09 13:15:00,0.867
2022-11-09 13:30:00,0.851
2022-11-09 13:45:00,0.839
2022-11-09 14:00:00,0.839
2022-11-09 14:15:00,0.848
2022-11-09 14:30:00,0.834
2022-11-09 14:45:00,0.834
2022-11-09 15:00:00,0.844
2022-11-09 15:15:00,0.828
2022-11-09 15:30:00,0.829
2022-11-09 15:45:00,0.813
2022-11-09 16:00:00,0.809
2022-11-09 16:15:00,0.8
2022-11-09 16:30:00,0.816
2022-11-09 16:45:00,0.793
2022-11-09 17:00:00,0.791
2022-11-09 17:15:00,0.784
2022-11-09 17:30:00,0.779
2022-11-09 17:45:00,0.763
2022-11-09 18:00:00,0.773
2022-11-09 18:15:00,0.765
2022-11-09 18:30:00,0.746
2022-11-09 18:45:00,0.755
2022-11-09 19:00:00,0.751
2022-11-09 19:15:00,0.759
2022-11-09 19:30:00,0.749
2022-11-09 19:45:00,0.737
2022-11-09 20:00:00,0.749
2022-11-09 20:15:00,0.738
2022-11-09 20:30:00,0.729
2022-11-09 20:45:00,0.721
2022-11-09 21:00:00,0.72
2022-11-09 21:15:00,0.726
2022-11-09 21:30:00,0.715
2022-11-09 21:45:00,0.721
2022-11-09 22:00:00,0.711
2022-11-09 22:15:00,0.715
2022-11-09 22:30:00,0.708
2022-11-09 22:45:00,0.714
2022-11-09 23:00:00,0.707
2022-11-09 23:15:00,0.701
2022-11-09 23:30:00,0.698
2022-11-09 23:45:00,0.7
2022-11-10 00:00:00,0.708
2022-11-10 00:15:00,0.7
2022-11-10 00:30:00,0.703
2022-11-10 00:45:00,0.71
2022-11-10 01:00:00,0.707
2022-11-10 01:15:00,0.704
2022-11-10 01:30:00,0.714
2022-11-10 01:45:00,0.706
2022-11-10 02:00:00,0.715
2022-11-10 02:15:00,0.713
2022-11-10 02:30:00,0.709
2022-11-10 02:45:00,0.713
2022-11-10 03:00:00,0.719
2022-11-10 03:15:00,0.712
2022-11-10 03:30:00,0.71
2022-11-10 03:45:00,0.726
2022-11-10 04:00:00,0.727
2022-11-10 04:15:00,0.724
2022-11-10 04:30:00,0.734
2022-11-10 04:45:00,0.739
2022-11-10 05:00:00,0.744
2022-11-10 05:15:00,0
2022-11-10 05:30:00,0.769
2022-11-10 05:45:00,0.779
2022-11-10 06:00:00,0.8
2022-11-10 06:15:00,0.809
2022-11-10 06:30:00,0.823
2022-11-10 06:45:00,0.806
2022-11-10 07:00:00,0.832
2022-11-10 07:15:00,0.855
2022-11-10 07:30:00,0.893
2022-11-10 07:45:00,0.902
2022-11-10 08:00:00,0.894
2022-11-10 08:15:00,0.916
2022-11-10 08:30:00,0.909
2022-11-10 08:45:00,0.911
2022-11-10 09:00:00,0.895
2022-11-10 09:15:00,0.911
2022-11-10 09:30:00,0.903
2022-11-10 09:45:00,0.903
2022-11-10 10:00:00,0.892
2022-11-10 10:15:00,0.892
2022-11-10 10:30:00,0.904
2022-11-10 10:45:00,0.885
2022-11-10 11:00:00,0.879
2022-11-10 11:15:00,0.877
2022-11-10 11:30:00,0.87
2022-11-10 11:45:00,0.89
2022-11-10 12:00:00,0.876
2022-11-10 12:15:00,0.878
2022-11-10 12:30:00,0.884
2022-11-10 12:45:00,0.893
2022-11-10 13:00:00,0.891
2022-11-10 13:15:00,0.891
2022-11-10 13:30:00,0.886
2022-11-10 13:45:00,0.891
2022-11-10 14:00:00,0.869
2022-11-10 14:15:00,0.88
2022-11-10 14:30:00,0.896
2022-11-10 14:45:00,0.886
2022-11-10 15:00:00,0.868
2022-11-10 15:15:00,0.87
2022-11-10 15:30:00,0.85
2022-11-10 15:45:00,0.852
2022-11-10 16:00:00,0.854
2022-11-10 16:15:00,0.847
2022-11-10 16:30:00,0.834
2022-11-10 16:45:00,0.834
2022-11-10 17:00:00,0.831
2022-11-10 17:15:00,0.832
2022-11-10 17:30:00,0.818
2022-11-10 17:45:00,0.831
2022-11-10 18:00:00,0.809
2022-11-10 18:15:00,0.814
2022-11-10 18:30:00,0.823
2022-11-10 18:45:00,0.811
2022-11-10 19:00:00,0.816
2022-11-10 19:15:00,0.821
2022-11-10 19:30:00,0.819
2022-11-10 19:45:00,0.819
2022-11-10 20:00:00,0.816
2022-11-10 20:15:00,0.805
2022-11-10 20:30:00,0.816
2022-11-10 20:45:00,0.821
2022-11-10 21:00:00,0.811
2022-11-10 21:15:00,0.806
2022-11-10 21:30:00,0.806
2022-11-10 21:45:00,0.794
2022-11-10 22:00:00,0.786
2022-11-10 22:15:00,0.791
2022-11-10 22:30:00,0.781
2022-11-10 22:45:00,0.779
2022-11-10 23:00:00,0.779
2022-11-10 23:15:00,0.765
2022-11-10 23:30:00,0.771
2022-11-10 23:45:00,0.76
2022-11-11 00:00:00,0.752
2022-11-11 00:15:00,0.77
2022-11-11 00:30:00,0.748
2022-11-11 00:45:00,0.746
2022-11-11 01:00:00,0.738
2022-11-11 01:15:00,0.745
2022-11-11 01:30:00,0.739
2022-11-11 01:45:00,0.738
2022-11-11 02:00:00,0.723
2022-11-11 02:15:00,0.72
2022-11-11 02:30:00,0.721
2022-11-11 02:45:00,0.719
2022-11-11 03:00:00,0.718
2022-11-11 03:15:00,0.715
2022-11-11 03:30:00,0.712
2022-11-11 03:45:00,0.708
2022-11-11 04:00:00,0.71
2022-11-11 04:15:00,0.697
2022-11-11 04:30:00,0.696
2022-11-11 04:45:00,0.693
2022-11-11 05:00:00,0.694
2022-11-11 05:15:00,0.697
2022-11-11 05:30:00,0.679
2022-11-11 05:45:00,0.695
2022-11-11 06:00:00,0.692
2022-11-11 06:15:00,0.685
2022-11-11 06:30:00,0.683
2022-11-11 06:45:00,0.676
2022-11-11 07:00:00,0.676
2022-11-11 07:15:00,0.677
2022-11-11 07:30:00,0.679
2022-11-11 07:45:00,0.688
2022-11-11 08:00:00,0.669
2022-11-11 08:15:00,0.665
2022-11-11 08:30:00,0.669
2022-11-11 08:45:00,0.68
2022-11-11 09:00:00,0.67
2022-11-11 09:15:00,0.657
2022-11-11 09:30:00,0.67
2022-11-11 09:45:00,0.655
2022-11-11 10:00:00,0.663
2022-11-11 10:15:00,0.667
2022-11-11 10:30:00,0.649
2022-11-11 10:45:00,0.651
2022-11-11 11:00:00,0.654
2022-11-11 11:15:00,0.649
2022-11-11 11:30:00,0.645
2022-11-11 11:45:00,0.647
2022-11-11 12:00:00,0.653
2022-11-11 12:15:00,0.651
2022-11-11 12:30:00,0.648
2022-11-11 12:45:00,0.636
2022-11-11 13:00:00,0.638
2022-11-11 13:15:00,0.638
2022-11-11 13:30:00,0.639
2022-11-11 13:45:00,0.636
2022-11-11 14:00:00,0.633
2022-11-11 14:15:00,0.631
2022-11-11 14:30:00,0.634
2022-11-11 14:45:00,0.628
2022-11-11 15:00:00,0.63
2022-11-11 15:15:00,0.624
2022-11-11 15:30:00,0.628
2022-11-11 15:45:00,0.632
2022-11-11 16:00:00,0.636
2022-11-11 16:15:00,0.635
2022-11-11 16:30:00,0.628
2022-11-11 16:45:00,0.638
2022-11-11 17:00:00,0.644
2022-11-11 17:15:00,0.632
2022-11-11 17:30:00,0.625
2022-11-11 17:45:00,0.62
2022-11-11 18:00:00,0.623
2022-11-11 18:15:00,0.616
2022-11-11 18:30:00,0.61
2022-11-11 18:45:00,0.615
2022-11-11 19:00:00,0.618
2022-11-11 19:15:00,0.606
2022-11-11 19:30:00,0.61
2022-11-11 19:45:00,0.603
2022-11-11 20:00:00,0.6
2022-11-11 20:15:00,0.614
2022-11-11 20:30:00,0.608
2022-11-11 20:45:00,0.603
2022-11-11 21:00:00,0.603
2022-11-11 21:15:00,0.602
2022-11-11 21:30:00,0
2022-11-11 21:45:00,0.597
2022-11-11 22:00:00,0.598
2022-11-11 22:15:00,0.593
2022-11-11 22:45:00,0.588
2022-11-11 23:00:00,0.601
2022-11-11 23:15:00,0.593
2022-11-11 23:30:00,0.594
2022-11-11 23:45:00,0.594
2022-11-12 00:00:00,0.589
2022-11-12 00:15:00,0.589
2022-11-12 00:30:00,0.588
2022-11-12 00:45:00,0.585
2022-11-12 01:00:00,0.584
2022-11-12 01:15:00,0.589
2022-11-12 01:30:00,0.587
2022-11-12 01:45:00,0.577
2022-11-12 02:00:00,0.583
2022-11-12 02:15:00,0.583
2022-11-12 02:30:00,0.58
2022-11-12 02:45:00,0.583
2022-11-12 03:00:00,0.583
2022-11-12 03:15:00,0.582
2022-11-12 03:30:00,0.582
2022-11-12 03:45:00,0.575
2022-11-12 04:00:00,0.569
2022-11-12 04:15:00,0.575
2022-11-12 04:30:00,0.575
2022-11-12 04:45:00,0.571
2022-11-12 05:00:00,0.572
2022-11-12 05:15:00,0.571
2022-11-12 05:30:00,0.572
2022-11-12 05:45:00,0.566
2022-11-12 06:00:00,0.571
2022-11-12 06:15:00,0.566
2022-11-12 06:30:00,0.562
2022-11-12 06:45:00,0.568
2022-11-12 07:00:00,0.562
2022-11-12 07:15:00,0.568
2022-11-12 07:30:00,0.573
2022-11-12 07:45:00,0.565
2022-11-12 08:00:00,0.559
2022-11-12 08:15:00,0.555
2022-11-12 08:30:00,0.559
2022-11-12 08:45:00,0.561
2022-11-12 09:00:00,0.558
2022-11-12 09:15:00,0.557
2022-11-12 09:30:00,0.552
2022-11-12 09:45:00,0.552
2022-11-12 10:00:00,0.548
2022-11-12 10:15:00,0.562
2022-11-12 10:30:00,0.551
2022-11-12 10:45:00,0.553
2022-11-12 11:00:00,0.566
2022-11-12 11:15:00,0.557
2022-11-12 11:30:00,0.553
2022-11-12 11:45:00,0.548
2022-11-12 12:00:00,0.545
2022-11-12 12:15:00,0.548
2022-11-12 12:30:00,0.546
2022-11-12 12:45:00,0.543
2022-11-12 13:00:00,0.545
2022-11-12 13:15:00,0.546
2022-11-12 13:30:00,0.548
2022-11-12 13:45:00,0.537
2022-11-12 14:00:00,0.548
2022-11-12 14:15:00,0.538
2022-11-12 14:30:00,0.536
2022-11-12 14:45:00,0.542
2022-11-12 15:00:00,0.542
2022-11-12 15:15:00,0.538
2022-11-12 15:30:00,0.538
2022-11-12 15:45:00,0.538
2022-11-12 16:00:00,0.534
2022-11-12 16:15:00,0.538
2022-11-12 16:30:00,0.538
2022-11-12 16:45:00,0.538
2022-11-12 17:00:00,0.537
2022-11-12 17:15:00,0.533
2022-11-12 17:30:00,0.535
2022-11-12 17:45:00,0.532
2022-11-12 18:00:00,0.536
2022-11-12 18:15:00,0.527
2022-11-12 18:30:00,0.538
2022-11-12 18:45:00,0.537
2022-11-12 19:00:00,0.531
2022-11-12 19:15:00,0.534
2022-11-12 19:30:00,0.533
2022-11-12 19:45:00,0.526
2022-11-12 20:00:00,0.529
2022-11-12 20:15:00,0.531
2022-11-12 20:30:00,0.529
2022-11-12 20:45:00,0.528
2022-11-12 21:00:00,0.524
2022-11-12 21:15:00,0.529
2022-11-12 21:30:00,0.529
2022-11-12 21:45:00,0.529
2022-11-12 22:00:00,0.524
2022-11-12 22:15:00,0.527
2022-11-12 22:30:00,0.525
2022-11-12 22:45:00,0.526
2022-11-12 23:00:00,0.528
2022-11-12 23:15:00,0.524
2022-11-12 23:30:00,0.523
2022-11-12 23:45:00,0.524
2022-11-13 00:00:00,0.52
2022-11-13 00:15:00,0.526
2022-11-13 00:30:00,0.518
2022-11-13 00:45:00,0.521
2022-11-13 01:00:00,0.523
2022-11-13 01:15:00,0.516
2022-11-13 01:30:00,0.521
2022-11-13 01:45:00,0.523
2022-11-13 02:00:00,0.517
2022-11-13 02:15:00,0.514
2022-11-13 02:30:00,0.516
2022-11-13 02:45:00,0.516
2022-11-13 03:00:00,0.504
2022-11-13 03:15:00,0.516
2022-11-13 03:30:00,0.514
2022-11-13 03:45:00,0.521
2022-11-13 04:00:00,0.516
2022-11-13 04:15:00,0.515
2022-11-13 04:30:00,0.513
2022-11-13 05:00:00,0.514
2022-11-13 05:15:00,0.511
2022-11-13 05:30:00,0.508
2022-11-13 05:45:00,0.51
2022-11-13 06:00:00,0.516
2022-11-13 06:15:00,0.509
2022-11-13 06:30:00,0.511
2022-11-13 06:45:00,0.509
2022-11-13 07:00:00,0.509
2022-11-13 07:15:00,0.509
2022-11-13 07:30:00,0.511
2022-11-13 07:45:00,0.505
2022-11-13 08:00:00,0.507
2022-11-13 08:15:00,0.507
2022-11-13 08:30:00,0.507
2022-11-13 08:45:00,0.505
2022-11-13 09:00:00,0.506
2022-11-13 09:15:00,0.504
2022-11-13 09:30:00,0.501
2022-11-13 09:45:00,0.503
2022-11-13 10:00:00,0.504
2022-11-13 10:15:00,0.503
2022-11-13 10:30:00,0.502
2022-11-13 10:45:00,0.507
2022-11-13 11:00:00,0.502
2022-11-13 11:15:00,0.503
2022-11-13 11:30:00,0.5
2022-11-13 11:45:00,0.501
2022-11-13 12:00:00,0.5
2022-11-13 12:15:00,0.502
2022-11-13 12:30:00,0.502
2022-11-13 12:45:00,0.503
2022-11-13 13:00:00,0.503
2022-11-13 13:15:00,0.505
2022-11-13 13:30:00,0.499
2022-11-13 13:45:00,0.5
2022-11-13 14:00:00,0.497
2022-11-13 14:15:00,0.499
2022-11-13 14:30:00,0.496
2022-11-13 14:45:00,0.498
2022-11-13 15:00:00,0.493
2022-11-13 15:15:00,0.493
2022-11-13 15:30:00,0.492
2022-11-13 15:45:00,0.496
2022-11-13 16:00:00,0.499
2022-11-13 16:15:00,0.495
2022-11-13 16:30:00,0.493
2022-11-13 16:45:00,0.492
2022-11-13 17:00:00,0.493
2022-11-13 17:15:00,0.492
2022-11-13 17:30:00,0.491
2022-11-13 17:45:00,0.492
2022-11-13 18:00:00,0.491
2022-11-13 18:15:00,0.492
2022-11-13 18:30:00,0.488
2022-11-13 18:45:00,0.489
2022-11-13 19:00:00,0.491
2022-11-13 19:15:00,0.488
2022-11-13 19:30:00,0.487
2022-11-13 19:45:00,0.486
2022-11-13 20:00:00,0.483
2022-11-13 20:15:00,0.483
2022-11-13 20:30:00,0.487
2022-11-13 20:45:00,0.486
2022-11-13 21:00:00,0.487
2022-11-13 21:15:00,0.483
2022-11-13 21:30:00,0.483
2022-11-13 21:45:00,0.488
2022-11-13 22:00:00,0.483
2022-11-13 22:15:00,0.485
2022-11-13 22:30:00,0.481
2022-11-13 22:45:00,0.483
2022-11-13 23:00:00,0.483
2022-11-13 23:15:00,0.485
2022-11-13 23:30:00,0.486
2022-11-13 23:45:00,0.481
2022-11-14 00:00:00,0.483
2022-11-14 00:15:00,0.482
2022-11-14 00:30:00,0.483
2022-11-14 00:45:00,0.479
2022-11-14 01:00:00,0.478
2022-11-14 01:15:00,0.479
2022-11-14 01:30:00,0.477
2022-11-14 01:45:00,0.481
2022-11-14 02:00:00,0.478
2022-11-14 02:15:00,0.478
2022-11-14 02:30:00,0.477
2022-11-14 02:45:00,0.478
2022-11-14 03:00:00,0.476
2022-11-14 03:15:00,0.478
2022-11-14 03:30:00,0.478
2022-11-14 03:45:00,0.474
2022-11-14 04:00:00,0.474
2022-11-14 04:15:00,0.477
2022-11-14 04:30:00,0.472
2022-11-14 04:45:00,0.472
2022-11-14 05:00:00,0.477
2022-11-14 05:15:00,0.473
2022-11-14 05:30:00,0.472
2022-11-14 05:45:00,0.471
2022-11-14 06:00:00,0.474
2022-11-14 06:15:00,0.473
2022-11-14 06:30:00,0.471
2022-11-14 06:45:00,0.472
2022-11-14 07:00:00,0.472
2022-11-14 07:15:00,0.471
2022-11-14 07:30:00,0.469
2022-11-14 07:45:00,0.469
2022-11-14 08:00:00,0.469
2022-11-14 08:15:00,0.468
2022-11-14 08:30:00,0.472
2022-11-14 08:45:00,0.467
2022-11-14 09:00:00,0.467
2022-11-14 09:15:00,0.469
2022-11-14 09:30:00,0.466
2022-11-14 09:45:00,0.472
2022-11-14 10:00:00,0.468
2022-11-14 10:15:00,0.469
2022-11-14 10:30:00,0.467
2022-11-14 10:45:00,0.469
2022-11-14 11:00:00,0.469
2022-11-14 11:15:00,0.471
2022-11-14 11:30:00,0.468
2022-11-14 11:45:00,0.471
2022-11-14 12:00:00,0.469
2022-11-14 12:15:00,0.472
2022-11-14 12:30:00,0.474
2022-11-14 12:45:00,0.474
2022-11-14 13:00:00,0.473
2022-11-14 13:15:00,0.476
2022-11-14 13:30:00,0.477
2022-11-14 13:45:00,0.482
2022-11-14 14:00:00,0.478
2022-11-14 14:15:00,0.482
2022-11-14 14:30:00,0.486
2022-11-14 14:45:00,0.485
2022-11-14 15:00:00,0.485
2022-11-14 15:15:00,0.488
2022-11-14 15:30:00,0.489
2022-11-14 15:45:00,0.491
2022-11-14 16:00:00,0.493
2022-11-14 16:15:00,0.496
2022-11-14 16:30:00,0.5
2022-11-14 16:45:00,0.495
2022-11-14 17:00:00,0.499
2022-11-14 17:15:00,0.498
2022-11-14 17:30:00,0.499
2022-11-14 17:45:00,0.497
2022-11-14 18:00:00,0.496
2022-11-14 18:15:00,0.492
2022-11-14 18:30:00,0.496
2022-11-14 18:45:00,0.492
2022-11-14 19:00:00,0.495
2022-11-14 19:15:00,0.493
2022-11-14 19:30:00,0.488
2022-11-14 19:45:00,0.489
2022-11-14 20:00:00,0.487
2022-11-14 20:15:00,0.488
2022-11-14 20:30:00,0.486
2022-11-14 20:45:00,0.487
2022-11-14 21:00:00,0.485
2022-11-14 21:15:00,0.487
2022-11-14 21:30:00,0.482
2022-11-14 21:45:00,0.483
2022-11-14 22:00:00,0.483
2022-11-14 22:15:00,0.481
2022-11-14 22:30:00,0.481
2022-11-14 22:45:00,0.478
2022-11-14 23:00:00,0.479
2022-11-14 23:15:00,0.478
2022-11-14 23:30:00,0.477
2022-11-14 23:45:00,0.478
2022-11-15 00:00:00,0.474
2022-11-15 00:15:00,0.474
2022-11-15 00:30:00,0.478
2022-11-15 00:45:00,0.476
2022-11-15 01:00:00,0.479
2022-11-15 01:15:00,0.478
2022-11-15 01:30:00,0.479
2022-11-15 01:45:00,0.479
2022-11-15 02:00:00,0.483
2022-11-15 02:15:00,0.483
2022-11-15 02:30:00,0.487
2022-11-15 02:45:00,0.491
2022-11-15 03:00:00,0.495
2022-11-15 03:15:00,0.501
2022-11-15 03:30:00,0.515
2022-11-15 03:45:00,0.539
2022-11-15 04:00:00,0.583
2022-11-15 04:15:00,0.638
2022-11-15 04:30:00,0.707
2022-11-15 04:45:00,0.771
2022-11-15 05:00:00,0.821
2022-11-15 05:15:00,0.891
2022-11-15 05:30:00,0.948
2022-11-15 05:45:00,1.001
2022-11-15 06:00:00,1.048
2022-11-15 06:15:00,1.127
2022-11-15 06:30:00,1.117
2022-11-15 06:45:00,1.104
2022-11-15 07:00:00,1.102
2022-11-15 07:15:00,1.092
2022-11-15 07:30:00,1.082
2022-11-15 07:45:00,1.086
2022-11-15 08:00:00,1.076
2022-11-15 08:15:00,1.051
2022-11-15 08:30:00,1.028
2022-11-15 08:45:00,0.989
2022-11-15 09:00:00,0.967
2022-11-15 09:15:00,0.948
2022-11-15 09:30:00,0.921
2022-11-15 09:45:00,0.907
2022-11-15 10:00:00,0.884
2022-11-15 10:15:00,0.868
2022-11-15 10:30:00,0.858
2022-11-15 10:45:00,0.834
2022-11-15 11:00:00,0.814
2022-11-15 11:15:00,0.799
2022-11-15 11:30:00,0.801
2022-11-15 11:45:00,0.784
2022-11-15 12:00:00,0.773
2022-11-15 12:15:00,0.776
2022-11-15 12:30:00,0.771
2022-11-15 12:45:00,0.781
2022-11-15 13:00:00,0.778
2022-11-15 13:15:00,0.771
2022-11-15 13:30:00,0.786
2022-11-15 13:45:00,0.77
2022-11-15 14:00:00,0.757
2022-11-15 14:15:00,0.746
2022-11-15 14:30:00,0.733
2022-11-15 14:45:00,0.731
2022-11-15 15:00:00,0.723
2022-11-15 15:15:00,0.718
2022-11-15 15:30:00,0.715
2022-11-15 15:45:00,0.703
2022-11-15 16:00:00,0.704
2022-11-15 16:15:00,0.691
2022-11-15 16:30:00,0.683
2022-11-15 16:45:00,0.67
2022-11-15 17:00:00,0.672
2022-11-15 17:15:00,0.663
2022-11-15 17:30:00,0.652
2022-11-15 17:45:00,0.655
2022-11-15 18:00:00,0.653
2022-11-15 18:15:00,0.639
2022-11-15 18:30:00,0.643
2022-11-15 18:45:00,0.636
2022-11-15 19:00:00,0.631
2022-11-15 19:15:00,0.633
2022-11-15 19:30:00,0.621
2022-11-15 19:45:00,0.617
2022-11-15 20:00:00,0.62
2022-11-15 20:15:00,0.621
2022-11-15 20:30:00,0.627
2022-11-15 20:45:00,0.624
2022-11-15 21:00:00,0.619
2022-11-15 21:15:00,0.627
2022-11-15 21:30:00,0.627
2022-11-15 21:45:00,0.626
2022-11-15 22:00:00,0.625
2022-11-15 22:15:00,0.63
2022-11-15 22:30:00,0.619
2022-11-15 22:45:00,0.621
2022-11-15 23:00:00,0.619
2022-11-15 23:15:00,0.618
2022-11-15 23:30:00,0.616
2022-11-15 23:45:00,0.617
2022-11-16 00:00:00,0.611
2022-11-16 00:15:00,0.618
2022-11-16 00:30:00,0.61
2022-11-16 00:45:00,0.611
2022-11-16 01:00:00,0.611
2022-11-16 01:15:00,0.599
2022-11-16 01:30:00,0.597
2022-11-16 01:45:00,0.604
2022-11-16 02:00:00,0.607
2022-11-16 02:15:00,0.614
2022-11-16 02:30:00,0.611
2022-11-16 02:45:00,0.611
2022-11-16 03:00:00,0.619
2022-11-16 03:15:00,0.618
2022-11-16 03:30:00,0.627
2022-11-16 03:45:00,0.632
2022-11-16 04:00:00,0.638
2022-11-16 04:15:00,0.659
2022-11-16 04:30:00,0.67
2022-11-16 04:45:00,0.695
2022-11-16 05:00:00,0.724
2022-11-16 05:15:00,0.754
2022-11-16 05:30:00,0.781
2022-11-16 05:45:00,0.784
2022-11-16 06:00:00,0.801
2022-11-16 06:15:00,0.805
2022-11-16 06:30:00,0.809
2022-11-16 06:45:00,0.811
2022-11-16 07:00:00,0.814
2022-11-16 07:15:00,0.808
2022-11-16 07:30:00,0.809
2022-11-16 07:45:00,0.819
2022-11-16 08:00:00,0.814
2022-11-16 08:15:00,0.818
2022-11-16 08:30:00,0.816
2022-11-16 08:45:00,0.809
2022-11-16 09:00:00,0.816
2022-11-16 09:15:00,0.796
2022-11-16 09:30:00,0.786
2022-11-16 09:45:00,0.786
2022-11-16 10:00:00,0.775
2022-11-16 10:15:00,0.765
2022-11-16 10:30:00,0.754
2022-11-16 10:45:00,0.751
2022-11-16 11:00:00,0.746
2022-11-16 11:15:00,0.738
2022-11-16 11:30:00,0.731
2022-11-16 11:45:00,0.721
2022-11-16 12:00:00,0.718
2022-11-16 12:15:00,0.724
2022-11-16 12:30:00,0.715
2022-11-16 12:45:00,0.712
2022-11-16 13:00:00,0.709
2022-11-16 13:15:00,0.707
2022-11-16 13:30:00,0.705
2022-11-16 13:45:00,0.692
2022-11-16 14:00:00,0.693
2022-11-16 14:15:00,0.698
2022-11-16 14:30:00,0.686
2022-11-16 14:45:00,0.677
2022-11-16 15:00:00,0.676
2022-11-16 15:15:00,0.656
2022-11-16 15:30:00,0.663
2022-11-16 15:45:00,0.659
2022-11-16 16:00:00,0.662
2022-11-16 16:15:00,0.658
2022-11-16 16:30:00,0.652
2022-11-16 16:45:00,0.641
2022-11-16 17:00:00,0.639
2022-11-16 17:15:00,0.642
2022-11-16 17:30:00,0.646
2022-11-16 17:45:00,0.628
2022-11-16 18:00:00,0.634
2022-11-16 18:15:00,0.623
2022-11-16 18:30:00,0.626
2022-11-16 18:45:00,0.617
2022-11-16 19:00:00,0.626
2022-11-16 19:15:00,0.622
2022-11-16 19:30:00,0.612
2022-11-16 19:45:00,0.619
2022-11-16 20:00:00,0.611
2022-11-16 20:15:00,0.606
2022-11-16 20:30:00,0.608
2022-11-16 20:45:00,0.613
2022-11-16 21:00:00,0.604
2022-11-16 21:15:00,0.604
2022-11-16 21:30:00,0.602
2022-11-16 21:45:00,0.608
2022-11-16 22:00:00,0.602
2022-11-16 22:15:00,0.601
2022-11-16 22:30:00,0.589
2022-11-16 22:45:00,0.591
2022-11-16 23:00:00,0.595
2022-11-16 23:15:00,0.597
2022-11-16 23:30:00,0.595
2022-11-16 23:45:00,0.598
2022-11-17 00:00:00,0.6
2022-11-17 00:15:00,0.602
2022-11-17 00:30:00,0.6
2022-11-17 00:45:00,0.598
2022-11-17 01:00:00,0.598
2022-11-17 01:15:00,0.6
2022-11-17 01:30:00,0.597
2022-11-17 01:45:00,0.608
2022-11-17 02:00:00,0.603
2022-11-17 02:15:00,0.609
2022-11-17 02:30:00,0.617
2022-11-17 02:45:00,0.619
2022-11-17 03:00:00,0.616
2022-11-17 03:15:00,0.619
2022-11-17 03:30:00,0.617
2022-11-17 03:45:00,0.623
2022-11-17 04:00:00,0.626
2022-11-17 04:15:00,0.615
2022-11-17 04:30:00,0.618
2022-11-17 04:45:00,0.603
2022-11-17 05:00:00,0.615
2022-11-17 05:15:00,0.61
2022-11-17 05:30:00,0.608
2022-11-17 05:45:00,0.604
2022-11-17 06:00:00,0.603
2022-11-17 06:15:00,0.6
2022-11-17 06:30:00,0.609
2022-11-17 06:45:00,0.597
2022-11-17 07:00:00,0.588
2022-11-17 07:15:00,0.582
2022-11-17 07:30:00,0.588
2022-11-17 07:45:00,0.591
2022-11-17 08:00:00,0.586
2022-11-17 08:15:00,0.587
2022-11-17 08:30:00,0.582
2022-11-17 08:45:00,0.58
2022-11-17 09:00:00,0.577
2022-11-17 09:15:00,0.581
2022-11-17 09:30:00,0.578
2022-11-17 09:45:00,0.589
2022-11-17 10:00:00,0.577
2022-11-17 10:15:00,0.568
2022-11-17 10:30:00,0.565
2022-11-17 10:45:00,0.57
2022-11-17 11:00:00,0.575
2022-11-17 11:15:00,0.568
2022-11-17 11:30:00,0.566
2022-11-17 11:45:00,0.562
2022-11-17 12:00:00,0.561
2022-11-17 12:15:00,0.552
2022-11-17 12:30:00,0.561
2022-11-17 12:45:00,0.57
2022-11-17 13:00:00,0.562
2022-11-17 13:15:00,0.552
2022-11-17 13:30:00,0.555
2022-11-17 13:45:00,0.555
2022-11-17 14:00:00,0.552
2022-11-17 14:15:00,0.557
2022-11-17 14:30:00,0.551
2022-11-17 14:45:00,0.549
2022-11-17 15:00:00,0.547
2022-11-17 15:15:00,0.548
2022-11-17 15:30:00,0.547
2022-11-17 15:45:00,0.548
2022-11-17 16:00:00,0.538
2022-11-17 16:15:00,0.548
2022-11-17 16:30:00,0.543
2022-11-17 16:45:00,0.549
2022-11-17 17:00:00,0.542
2022-11-17 17:15:00,0.543
2022-11-17 17:30:00,0.542
2022-11-17 17:45:00,0.537
2022-11-17 18:00:00,0.537
2022-11-17 18:15:00,0.538
2022-11-17 18:30:00,0.538
2022-11-17 18:45:00,0.532
2022-11-17 19:00:00,0.534
2022-11-17 19:15:00,0.532
2022-11-17 19:30:00,0.529
2022-11-17 19:45:00,0.531
2022-11-17 20:00:00,0.534
2022-11-17 20:15:00,0.531
2022-11-17 20:30:00,0.531
2022-11-17 20:45:00,0.527
2022-11-17 21:00:00,0.529
2022-11-17 21:15:00,0.524
2022-11-17 21:30:00,0.527
2022-11-17 21:45:00,0.529
2022-11-17 22:00:00,0.526
2022-11-17 22:15:00,0.525
2022-11-17 22:30:00,0.526
2022-11-17 22:45:00,0.525
2022-11-17 23:00:00,0.523
2022-11-17 23:15:00,0.519
2022-11-17 23:30:00,0.522
2022-11-17 23:45:00,0.521
2022-11-18 00:00:00,0.519
2022-11-18 00:15:00,0.523
2022-11-18 00:30:00,0.518
2022-11-18 00:45:00,0.515
2022-11-18 01:00:00,0.518
2022-11-18 01:15:00,0.514
2022-11-18 01:30:00,0.518
2022-11-18 01:45:00,0.51
2022-11-18 02:00:00,0.512
2022-11-18 02:15:00,0.514
2022-11-18 02:30:00,0.516
2022-11-18 02:45:00,0.512
2022-11-18 03:00:00,0.514
2022-11-18 03:15:00,0.521
2022-11-18 03:30:00,0.515
2022-11-18 03:45:00,0.514
2022-11-18 04:00:00,0.516
2022-11-18 04:15:00,0.512
2022-11-18 04:30:00,0.518
2022-11-18 04:45:00,0.519
2022-11-18 05:00:00,0.517
2022-11-18 05:15:00,0.52
2022-11-18 05:30:00,0.523
2022-11-18 05:45:00,0.519
2022-11-18 06:00:00,0.522
2022-11-18 06:15:00,0.524
2022-11-18 06:30:00,0.521
2022-11-18 06:45:00,0.528
2022-11-18 07:00:00,0.525
2022-11-18 07:15:00,0.528
2022-11-18 07:30:00,0.528
2022-11-18 07:45:00,0.528
2022-11-18 08:00:00,0.525
2022-11-18 08:15:00,0.526
2022-11-18 08:30:00,0.525
2022-11-18 08:45:00,0.527
2022-11-18 09:00:00,0.525
2022-11-18 09:15:00,0.526
2022-11-18 09:30:00,0.526
2022-11-18 09:45:00,0.529
2022-11-18 10:00:00,0.527
2022-11-18 10:15:00,0.532
2022-11-18 10:30:00,0.537
2022-11-18 10:45:00,0.533
2022-11-18 11:00:00,0.538
2022-11-18 11:15:00,0.543
2022-11-18 11:30:00,0.542
2022-11-18 11:45:00,0.538
2022-11-18 12:00:00,0.538
2022-11-18 12:15:00,0.543
2022-11-18 12:30:00,0.539
2022-11-18 12:45:00,0.538
2022-11-18 13:00:00,0.537
2022-11-18 13:15:00,0.532
2022-11-18 13:30:00,0.537
2022-11-18 13:45:00,0.532
2022-11-18 14:00:00,0.534
2022-11-18 14:15:00,0.529
2022-11-18 14:30:00,0.529
2022-11-18 14:45:00,0.527
2022-11-18 15:00:00,0.529
2022-11-18 15:15:00,0.528
2022-11-18 15:30:00,0.526
2022-11-18 15:45:00,0.526
2022-11-18 16:00:00,0.521
2022-11-18 16:15:00,0.527
2022-11-18 16:30:00,0.522
2022-11-18 16:45:00,0.524
2022-11-18 17:00:00,0.521
2022-11-18 17:15:00,0.52
2022-11-18 17:30:00,0.517
2022-11-18 17:45:00,0.519
2022-11-18 18:00:00,0.514
2022-11-18 18:15:00,0.517
